{
  "requirements": {
    "thrust_kN": 500.0,
    "chamber_pressure_MPa": 15.0,
    "propellants": "LOX/CH4",
    "mixture_ratio": 3.2
  },
  "ideal_performance": {
    "isp_vac_s": 355.618287029336,
    "cstar_m_s": 1867.159619502034,
    "mdot_kg_s": 153.79256378134085
  },
  "cycles": [
    {
      "cycle": "Pressure-Fed",
      "net_isp": 331.5232505089583,
      "tank_pressure_MPa": 25.070814644840986,
      "pump_power_kW": 0,
      "efficiency": 1.0
    },
    {
      "cycle": "Gas Generator",
      "net_isp": 301.43986952883694,
      "tank_pressure_MPa": 0.3,
      "pump_power_kW": 4793.858544008899,
      "efficiency": 0.9092571005685514
    },
    {
      "cycle": "Staged Combustion",
      "net_isp": 324.8927854987791,
      "tank_pressure_MPa": 0.4,
      "pump_power_kW": 4361.185940503696,
      "efficiency": 0.98
    }
  ]
}